DNA,Codon,Amino Acid,Single Letter,Description
TTT,UUU,Phe,F,每三個為一組，若剛好三個為TTT，則對應的RNA codon為UUU，因此胺基酸為Phe，代號為F
TTC,UUC,Phe,F,每三個為一組，若剛好三個為TTC，則對應的RNA codon為UUC，因此胺基酸為Phe，代號為F
TTA,UUA,Leu,L,每三個為一組，若剛好三個為TTA，則對應的RNA codon為UUA，因此胺基酸為Leu，代號為L
TTG,UUG,Leu,L,每三個為一組，若剛好三個為TTG，則對應的RNA codon為UUG，因此胺基酸為Leu，代號為L
CTT,CUU,Leu,L,每三個為一組，若剛好三個為CTT，則對應的RNA codon為CUU，因此胺基酸為Leu，代號為L
CTC,CUC,Leu,L,每三個為一組，若剛好三個為CTC，則對應的RNA codon為CUC，因此胺基酸為Leu，代號為L
CTA,CUA,Leu,L,每三個為一組，若剛好三個為CTA，則對應的RNA codon為CUA，因此胺基酸為Leu，代號為L
CTG,CUG,Leu,L,每三個為一組，若剛好三個為CTG，則對應的RNA codon為CUG，因此胺基酸為Leu，代號為L
ATT,AUU,Ile,I,每三個為一組，若剛好三個為ATT，則對應的RNA codon為AUU，因此胺基酸為Ile，代號為I
ATC,AUC,Ile,I,每三個為一組，若剛好三個為ATC，則對應的RNA codon為AUC，因此胺基酸為Ile，代號為I
ATA,AUA,Ile,I,每三個為一組，若剛好三個為ATA，則對應的RNA codon為AUA，因此胺基酸為Ile，代號為I
ATG,AUG,Met,M,每三個為一組，若剛好三個為ATG，則對應的RNA codon為AUG，因此胺基酸為Met，代號為M
GTT,GUU,Val,V,每三個為一組，若剛好三個為GTT，則對應的RNA codon為GUU，因此胺基酸為Val，代號為V
GTC,GUC,Val,V,每三個為一組，若剛好三個為GTC，則對應的RNA codon為GUC，因此胺基酸為Val，代號為V
GTA,GUA,Val,V,每三個為一組，若剛好三個為GTA，則對應的RNA codon為GUA，因此胺基酸為Val，代號為V
GTG,GUG,Val,V,每三個為一組，若剛好三個為GTG，則對應的RNA codon為GUG，因此胺基酸為Val，代號為V
TCT,UCU,Ser,S,每三個為一組，若剛好三個為TCT，則對應的RNA codon為UCU，因此胺基酸為Ser，代號為S
TCC,UCC,Ser,S,每三個為一組，若剛好三個為TCC，則對應的RNA codon為UCC，因此胺基酸為Ser，代號為S
TCA,UCA,Ser,S,每三個為一組，若剛好三個為TCA，則對應的RNA codon為UCA，因此胺基酸為Ser，代號為S
TCG,UCG,Ser,S,每三個為一組，若剛好三個為TCG，則對應的RNA codon為UCG，因此胺基酸為Ser，代號為S
CCT,CCU,Pro,P,每三個為一組，若剛好三個為CCT，則對應的RNA codon為CCU，因此胺基酸為Pro，代號為P
CCC,CCC,Pro,P,每三個為一組，若剛好三個為CCC，則對應的RNA codon為CCC，因此胺基酸為Pro，代號為P
CCA,CCA,Pro,P,每三個為一組，若剛好三個為CCA，則對應的RNA codon為CCA，因此胺基酸為Pro，代號為P
CCG,CCG,Pro,P,每三個為一組，若剛好三個為CCG，則對應的RNA codon為CCG，因此胺基酸為Pro，代號為P
ACT,ACU,Thr,T,每三個為一組，若剛好三個為ACT，則對應的RNA codon為ACU，因此胺基酸為Thr，代號為T
ACC,ACC,Thr,T,每三個為一組，若剛好三個為ACC，則對應的RNA codon為ACC，因此胺基酸為Thr，代號為T
ACA,ACA,Thr,T,每三個為一組，若剛好三個為ACA，則對應的RNA codon為ACA，因此胺基酸為Thr，代號為T
ACG,ACG,Thr,T,每三個為一組，若剛好三個為ACG，則對應的RNA codon為ACG，因此胺基酸為Thr，代號為T
GCT,GCU,Ala,A,每三個為一組，若剛好三個為GCT，則對應的RNA codon為GCU，因此胺基酸為Ala，代號為A
GCC,GCC,Ala,A,每三個為一組，若剛好三個為GCC，則對應的RNA codon為GCC，因此胺基酸為Ala，代號為A
GCA,GCA,Ala,A,每三個為一組，若剛好三個為GCA，則對應的RNA codon為GCA，因此胺基酸為Ala，代號為A
GCG,GCG,Ala,A,每三個為一組，若剛好三個為GCG，則對應的RNA codon為GCG，因此胺基酸為Ala，代號為A
TAT,UAU,Tyr,Y,每三個為一組，若剛好三個為TAT，則對應的RNA codon為UAU，因此胺基酸為Tyr，代號為Y
TAC,UAC,Tyr,Y,每三個為一組，若剛好三個為TAC，則對應的RNA codon為UAC，因此胺基酸為Tyr，代號為Y
TAA,UAA,Stop,*,每三個為一組，若剛好三個為TAA，則對應的RNA codon為UAA，因此胺基酸為Stop，代號為*
TAG,UAG,Stop,*,每三個為一組，若剛好三個為TAG，則對應的RNA codon為UAG，因此胺基酸為Stop，代號為*
CAT,CAU,His,H,每三個為一組，若剛好三個為CAT，則對應的RNA codon為CAU，因此胺基酸為His，代號為H
CAC,CAC,His,H,每三個為一組，若剛好三個為CAC，則對應的RNA codon為CAC，因此胺基酸為His，代號為H
CAA,CAA,Gln,Q,每三個為一組，若剛好三個為CAA，則對應的RNA codon為CAA，因此胺基酸為Gln，代號為Q
CAG,CAG,Gln,Q,每三個為一組，若剛好三個為CAG，則對應的RNA codon為CAG，因此胺基酸為Gln，代號為Q
AAT,AAU,Asn,N,每三個為一組，若剛好三個為AAT，則對應的RNA codon為AAU，因此胺基酸為Asn，代號為N
AAC,AAC,Asn,N,每三個為一組，若剛好三個為AAC，則對應的RNA codon為AAC，因此胺基酸為Asn，代號為N
AAA,AAA,Lys,K,每三個為一組，若剛好三個為AAA，則對應的RNA codon為AAA，因此胺基酸為Lys，代號為K
AAG,AAG,Lys,K,每三個為一組，若剛好三個為AAG，則對應的RNA codon為AAG，因此胺基酸為Lys，代號為K
GAT,GAU,Asp,D,每三個為一組，若剛好三個為GAT，則對應的RNA codon為GAU，因此胺基酸為Asp，代號為D
GAC,GAC,Asp,D,每三個為一組，若剛好三個為GAC，則對應的RNA codon為GAC，因此胺基酸為Asp，代號為D
GAA,GAA,Glu,E,每三個為一組，若剛好三個為GAA，則對應的RNA codon為GAA，因此胺基酸為Glu，代號為E
GAG,GAG,Glu,E,每三個為一組，若剛好三個為GAG，則對應的RNA codon為GAG，因此胺基酸為Glu，代號為E
TGT,UGU,Cys,C,每三個為一組，若剛好三個為TGT，則對應的RNA codon為UGU，因此胺基酸為Cys，代號為C
TGC,UGC,Cys,C,每三個為一組，若剛好三個為TGC，則對應的RNA codon為UGC，因此胺基酸為Cys，代號為C
TGA,UGA,Stop,*,每三個為一組，若剛好三個為TGA，則對應的RNA codon為UGA，因此胺基酸為Stop，代號為*
TGG,UGG,Trp,W,每三個為一組，若剛好三個為TGG，則對應的RNA codon為UGG，因此胺基酸為Trp，代號為W
CGT,CGU,Arg,R,每三個為一組，若剛好三個為CGT，則對應的RNA codon為CGU，因此胺基酸為Arg，代號為R
CGC,CGC,Arg,R,每三個為一組，若剛好三個為CGC，則對應的RNA codon為CGC，因此胺基酸為Arg，代號為R
CGA,CGA,Arg,R,每三個為一組，若剛好三個為CGA，則對應的RNA codon為CGA，因此胺基酸為Arg，代號為R
CGG,CGG,Arg,R,每三個為一組，若剛好三個為CGG，則對應的RNA codon為CGG，因此胺基酸為Arg，代號為R
AGT,AGU,Ser,S,每三個為一組，若剛好三個為AGT，則對應的RNA codon為AGU，因此胺基酸為Ser，代號為S
AGC,AGC,Ser,S,每三個為一組，若剛好三個為AGC，則對應的RNA codon為AGC，因此胺基酸為Ser，代號為S
AGA,AGA,Arg,R,每三個為一組，若剛好三個為AGA，則對應的RNA codon為AGA，因此胺基酸為Arg，代號為R
AGG,AGG,Arg,R,每三個為一組，若剛好三個為AGG，則對應的RNA codon為AGG，因此胺基酸為Arg，代號為R
GGT,GGU,Gly,G,每三個為一組，若剛好三個為GGT，則對應的RNA codon為GGU，因此胺基酸為Gly，代號為G
GGC,GGC,Gly,G,每三個為一組，若剛好三個為GGC，則對應的RNA codon為GGC，因此胺基酸為Gly，代號為G
GGA,GGA,Gly,G,每三個為一組，若剛好三個為GGA，則對應的RNA codon為GGA，因此胺基酸為Gly，代號為G
GGG,GGG,Gly,G,每三個為一組，若剛好三個為GGG，則對應的RNA codon為GGG，因此胺基酸為Gly，代號為G
WASD,WASD,TEST,TEST,每三個為一組，若剛好三個為WASD，則對應的RNA codon為WASD，因此胺基酸為TEST，代號為TEST
